GEOID20,DISTRICT
26003003001,1
26003003007,1
26003003010,1
26003003005,1
26003003009,1
26003003006,1
26003003003,1
26129129017,1
26129129004,1
26129129010,1
26129129012,1
26129129005,1
26129129014,1
26129129006,1
26129129003,1
26129129007,1
26129129013,1
26129129001,1
26129129011,1
26129129008,1
26129129002,1
26129129009,1
26129129016,1
26129129015,1
26107107015,2
26107107009,2
26107107016,2
26107107021,2
26107107011,2
26107107020,2
26107107004,2
26107107012,2
26107107001,2
26107107006,2
26003003002,1
26003003004,1
26007007017,1
26007007015,1
26007007013,1
26007007014,1
26007007016,1
26007007004,1
26007007001,1
26117117023,2
26117117001,2
26117117030,2
26117117002,2
26117117013,2
26117117027,2
26117117024,2
26117117016,2
26117117019,2
26117117012,2
26117117003,2
26117117026,2
26117117020,2
26117117022,2
26117117005,2
26037037022,7
26037037024,7
26037037033,7
26037037011,7
26037037006,7
26037037009,7
26037037021,7
26037037019,7
26037037026,7
26037037008,7
26037037017,7
26037037031,7
26037037018,7
26037037004,7
26037037027,7
26037037013,7
26037037014,7
26037037007,7
26037037001,7
26037004042,7
26037037016,7
26113113003,1
26113113005,1
26113113009,1
26117117007,2
26117117014,2
26117117025,2
26117117006,2
26117117010,2
26117117017,2
26117117008,2
26117117011,2
26117117028,2
26117117015,2
26117117018,2
26117117029,2
26117117004,2
26117117009,2
26163163318,13
26163163567,13
26163163920,6
26163163134,12
26163163513,13
26163163463,13
26163163028,6
26163163294,12
26163163843,12
26163163329,13
26163163001,13
26163163336,13
26163163346,13
26163163738,13
26163163889,13
26163163473,13
26163163875,13
26163163451,13
26163163628,13
26163163953,12
26163163063,6
26163163861,13
26163163383,13
26163163810,6
26163163670,6
26121121055,3
26121121054,3
26121121041,2
26121121067,2
26121121039,2
26121121022,2
26121121008,2
26121121006,2
26121121028,3
26121121061,3
26121121001,2
26121121010,2
26121121066,2
26121121047,3
26121121045,3
26095095001,1
26095095004,1
26095095002,1
26157157009,9
26157157017,9
26157157007,9
26157157002,9
26157157013,9
26157157004,8
26157157001,9
26157157026,9
26157157012,9
26157157020,9
26157157025,9
26157157028,9
26157157016,9
26157157022,9
26157157014,9
26157157031,9
26157157015,9
26157157018,9
26157157011,9
26157157023,9
26157157006,9
26157157032,9
26157157030,9
26157157021,9
26047047012,1
26047047020,1
26047047008,1
26047047022,1
26047047003,1
26047047019,1
26047047021,1
26047047010,1
26047047013,1
26047047007,1
26047047011,1
26047047016,1
26047047009,1
26047047014,1
26047047023,1
26047047005,1
26047047001,1
26047047006,1
26047047004,1
26047047017,1
26047047015,1
26057057008,2
26057057014,2
26039039005,1
26039039008,1
26039039007,1
26039039006,1
26039039010,1
26039039001,1
26039039004,1
26039039002,1
26039039003,1
26039039009,1
26047047018,1
26157157003,9
26157157024,9
26157157027,9
26157157008,9
26157157005,9
26017017029,8
26017017025,8
26017017036,8
26017017042,8
26017017013,8
26017017037,8
26017017022,8
26017017031,8
26017017023,8
26017017041,8
26017017026,8
26017017035,8
26017017020,8
26017017034,8
26017017043,8
26017017015,8
26017017030,8
26017017021,8
26017017006,8
26017017045,8
26017017039,8
26017017028,8
26017017040,8
26017017017,8
26017017009,8
26017017003,8
26017017044,8
26017017012,8
26145145039,8
26145145081,8
26145145069,8
26145145007,8
26145145083,8
26145145027,8
26145145048,8
26145145061,8
26145145006,8
26145145072,8
26121121002,2
26121121029,3
26121121009,2
26121121019,2
26121121020,2
26121121034,3
26121121021,2
26121121007,2
26121121051,3
26121121052,3
26121121027,3
26121121013,3
26121121033,3
26121121030,3
26121121036,3
26121121012,2
26121121044,3
26121121025,3
26121121040,2
26121121024,3
26121121050,3
26121121026,3
26121121043,3
26121121057,3
26121121035,3
26121121017,2
26121121063,3
26121121018,2
26121121059,3
26121121037,3
26121121058,3
26121121032,3
26121121042,3
26121121062,3
26145145003,8
26145145021,8
26145145022,8
26145145001,8
26145145058,8
26145145013,8
26145145031,8
26007007008,1
26007007009,1
26007007002,1
26007007003,1
26007007012,1
26007007011,1
26007007007,1
26007007006,1
26007007010,1
26007007005,1
26017017016,8
26017017033,8
26017017014,8
26017017008,8
26017017018,8
26017017019,8
26017017002,8
26017017004,8
26017017032,8
26017017005,8
26017017010,8
26017017038,8
26017017001,8
26009009003,1
26009009008,1
26009009016,1
26009009001,1
26009009004,1
26009009009,1
26009009014,1
26009009012,1
26009009005,1
26009009006,1
26009009007,1
26009009013,1
26009009015,1
26009009010,1
26009009002,1
26009009011,1
26017017011,8
26017017046,8
26017017007,8
26017017027,8
26017017024,8
26017001004,8
26163163727,12
26163163705,13
26163163370,13
26163163440,13
26163163042,6
26163163877,13
26163163217,12
26163163551,13
26163163982,13
26163163026,6
26163163957,12
26163163374,13
26163163662,12
26163163229,13
26163163757,12
26163163766,12
26163163438,13
26163163315,13
26163163538,13
26163163884,6
26163163742,13
26163163067,6
26163163480,13
26163163068,6
26163163356,13
26163163625,13
26163163231,13
26163163260,12
26163163573,13
26163163447,13
26163163885,6
26163163025,6
26163163061,6
26163163338,13
26163163015,13
26163163657,12
26163163776,12
26163163934,12
26163163024,6
26163163798,6
26163163082,12
26163163219,12
26163163091,12
26163163271,12
26163163106,12
26163163950,12
26163163616,12
26163163293,12
26163163751,12
26163163027,6
26163163100,12
26163163069,6
26163163034,6
26163163225,13
26163163892,13
26163163700,13
26163163623,13
26163163351,13
26163163886,13
26163163077,12
26163163894,13
26163163983,13
26163163064,6
26163163901,13
26163163748,12
26163163327,13
26163163806,6
26163163924,6
26163163917,6
26163163911,6
26163163775,12
26163163087,12
26163163943,12
26163163109,12
26163163956,12
26163163195,12
26163163651,13
26163163520,13
26163163800,6
26163163352,13
26163163405,13
26163163721,12
26163163208,12
26163163869,13
26163163710,13
26163163487,13
26163163646,13
26163163870,13
26163163928,13
26163163664,12
26163163900,13
26163163361,13
26163163546,13
26163163086,12
26163163963,12
26163163938,12
26163163669,6
26163163552,13
26163163842,12
26163163523,13
26163163883,6
26163163006,13
26163163837,12
26163163858,13
26163163307,13
26163163931,13
26163163102,12
26163163968,12
26163163827,12
26163163126,12
26163163032,6
26163163919,6
26163163764,12
26163163554,13
26163163663,12
26163163326,13
26163163198,12
26163163855,6
26163163344,13
26163163871,13
26163163291,12
26163163925,6
26163163070,6
26163163582,12
26163163489,13
26163163619,12
26163163458,13
26163163690,13
26163163839,12
26163163960,12
26163163048,6
26163163360,13
26163163927,13
26163163342,13
26163163145,13
26163163261,13
26135135004,1
26135135001,1
26135135005,1
26135135006,1
26135135003,1
26135135002,1
26135135007,1
26163163890,13
26163163895,13
26163163737,13
26163163186,12
26163163564,13
26163163773,12
26163163922,6
26081000002,2
26049000017,8
26057057004,2
26057057006,2
26057057005,2
26057057015,2
26057057017,2
26057057007,2
26057057019,2
26149149015,5
26149149024,5
26149149003,5
26149149016,5
26149149017,5
26149149023,5
26149149025,5
26149149002,5
26149149008,5
26149149009,5
26149149001,5
26149149026,5
26149149007,5
26149149018,5
26149149005,5
26149149014,5
26149149020,5
26149149019,5
26149149004,5
26149149006,5
26149149021,5
26149149010,5
26149149022,5
26107107002,2
26107107013,2
26107107017,2
26107107003,2
26107107010,2
26107107014,2
26107107008,2
26107107019,2
26107107005,2
26107107018,2
26057057018,2
26057057020,2
26145145025,8
26145145047,8
26145145085,8
26145145026,8
26145145056,8
26145145030,8
26145145010,8
26145145075,8
26163163096,12
26163163841,12
26163163183,12
26163163825,12
26163163531,13
26163163804,6
26163163154,12
26163163060,6
26163163667,6
26163163603,12
26163163270,12
26163163005,13
26163163608,12
26163163864,13
26163163412,13
26163163469,13
26163163937,12
26163163204,12
26163163408,13
26163163570,13
26163163650,13
26163163224,13
26163163031,6
26163163141,13
26163163661,12
26163163093,12
26163163313,13
26159159033,4
26159159025,4
26159159003,4
26159159028,4
26159159004,4
26159159021,4
26159159017,4
26057057003,2
26057057013,2
26057057010,2
26057057009,2
26057057002,2
26057057012,2
26057057011,2
26163163388,13
26163163988,13
26163163687,13
26163163958,12
26163163397,13
26163163135,12
26163163144,13
26163163256,12
26163163350,13
26163163904,13
26163163163,12
26163163803,6
26163163187,12
26163163906,13
26163163019,6
26163163524,13
26163163600,12
26163163467,13
26163163120,12
26163163131,12
26163163002,13
26163163079,12
26163163111,12
26163163967,12
26163163725,12
26163163127,12
26163163209,12
26163163717,6
26163163541,13
26163163565,13
26163163215,12
26163163624,13
26163163066,6
26163163101,12
26163163534,13
26163163559,13
26163163392,13
26163163734,13
26163163284,12
26163163868,13
26137137014,1
26137137007,1
26137137012,1
26137137004,1
26137137001,1
26137137003,1
26137137008,1
26163163029,6
26163163185,12
26163163116,12
26163163736,13
26163163574,13
26163163872,13
26137137002,1
26137137013,1
26137137006,1
26137137011,1
26137137009,1
26121121023,2
26121121015,3
26121121056,3
26121121003,2
26121121031,3
26121121053,3
26121121048,3
26121121065,2
26121121004,2
26121121014,3
26121121005,2
26121121060,3
26121121038,3
26121121011,2
26121121049,2
26121121046,3
26121121016,3
26121121064,3
26163163138,13
26163163880,6
26163163735,13
26029029007,1
26029029001,1
26029029010,1
26029029005,1
26029029014,1
26029029016,1
26029029015,1
26029029002,1
26029029020,1
26029029009,1
26029029003,1
26029029019,1
26029029013,1
26029029017,1
26029029008,1
26029029012,1
26029029006,1
26029029011,1
26029029004,1
26057057001,2
26057057021,2
26057057016,2
26071071007,1
26071071016,1
26071071003,1
26071071009,1
26071071001,1
26071071006,1
26071071004,1
26071071011,1
26071071012,1
26071071014,1
26071071015,1
26077000006,4
26077000020,4
26113113001,1
26113113004,1
26113113011,1
26113113016,1
26113113007,1
26113113014,1
26113113015,1
26113113012,1
26113113006,1
26113113013,1
26113113010,1
26113113002,1
26113113008,1
26113113017,1
26095095003,1
26151151010,9
26151151029,9
26151151001,9
26151151005,9
26151151024,9
26151151011,9
26151151028,9
26151151012,9
26151151031,9
26151151013,9
26151151008,9
26151151027,9
26151151014,9
26151151007,9
26151151022,9
26151151006,9
26151151004,9
26151151016,9
26151151017,9
26151151018,9
26151151021,9
26151151025,9
26151151002,9
26151151015,9
26151151003,9
26151151026,9
26151151023,9
26151151020,9
26151151019,9
26151151009,9
26019019012,1
26019019006,1
26019019002,1
26019019005,1
26019019004,1
26019019003,1
26019019008,1
26019019013,1
26019019009,1
26019019010,1
26019019001,1
26019019007,1
26019019011,1
26151151030,9
26163163750,12
26163163903,13
26163163484,13
26163163286,12
26163163977,6
26163163951,12
26163163618,13
26125125475,11
26125125093,11
26125125349,11
26125125421,11
26125125493,11
26125125430,11
26125125368,12
26125125402,12
26125125302,10
26125125480,11
26125000002,9
26125125277,11
26125125209,6
26125125086,11
26125125314,10
26125125201,6
26125125388,12
26125125303,10
26125125251,9
26125125148,9
26125125279,11
26125125373,12
26125125381,12
26125125450,11
26125125459,11
26125125482,11
26125125265,9
26125125440,11
26125125077,11
26125125515,11
26125125127,11
26125125504,11
26125125337,11
26125125296,10
26125125301,10
26125125410,7
26125125134,11
26125125178,7
26125125346,11
26125125446,11
26125125322,10
26125125119,11
26125125401,12
26125125353,11
26125125177,7
26125125231,9
26125125491,11
26125125319,10
26125125193,9
26125125268,9
26125125088,11
26125125355,11
26125125470,11
26125125173,7
26125125142,9
26125125498,11
26125125255,9
26125125247,11
26125125369,12
26125125200,9
26125125437,11
26125125149,9
26125125512,11
26125125332,10
26125125102,11
26125125110,11
26125125463,11
26125125108,11
26125125423,11
26125125436,11
26125125266,9
26125125472,11
26125125306,10
26125125156,9
26125125380,12
26125125157,9
26125125499,11
26125125497,11
26125125447,11
26125125234,11
26125125452,11
26125125289,11
26125125457,11
26125125438,11
26125125309,10
26125125376,12
26125125269,9
26125125025,11
26125125158,9
26125125299,10
26125125232,9
26125125270,9
26125125023,11
26125125125,11
26125125013,11
26125125254,9
26125125387,12
26125125017,11
26125125032,11
26125125496,11
26125125070,11
26125125359,11
26125125243,11
26125125155,11
26125125182,11
26125125196,7
26125125487,11
26125125090,11
26125125262,9
26125125194,7
26125125058,11
26125125037,11
26125125347,11
26125125514,11
26125125047,11
26125125192,11
26125125104,11
26125125409,7
26125125227,9
26125125176,7
26125125396,12
26125125220,6
26125125128,11
26125125444,11
26125125458,11
26125125120,11
26125125290,11
26125125175,7
26125125490,11
26125125462,11
26125125390,12
26125125244,11
26125125367,12
26125125065,9
26125125495,11
26125125416,9
26125125246,11
26125125494,11
26125125477,11
26125125026,11
26125125280,11
26125125464,11
26125125360,11
26125125411,7
26125125179,7
26125125330,10
26125125092,11
26125125137,11
26125125071,11
26125125035,11
26125125310,10
26125125180,7
26125125098,11
26125125208,6
26125125427,11
26125125412,9
26125125281,11
26125125095,11
26125125205,6
26125125510,11
26125125075,11
26125125006,11
26125125501,11
26125125453,11
26125125442,11
26125125074,11
26125125249,11
26125125118,11
26125125226,9
26125125078,11
26125125126,11
26125125285,11
26125125509,11
26125125062,11
26125125001,9
26125125020,11
26125125218,6
26125125275,11
26125125258,9
26125125115,11
26125125429,11
26125125481,11
26125125341,11
26125125318,10
26125125068,9
26125125053,11
26125125305,10
26125125147,9
26125125066,9
26125125007,11
26125125085,11
26125125250,9
26125125291,11
26125125049,11
26125125139,9
26125125338,11
26125125474,11
26125125189,11
26125125321,10
26125125162,9
26125125372,12
26125125293,11
26125125295,10
26125125282,11
26125125505,11
26125125435,11
26125125382,12
26125125169,11
26125125445,11
26125125216,6
26125125106,11
26125125408,7
26125125054,11
26125125468,11
26125125221,6
26125125036,11
26125125187,11
26125125503,11
26125125478,11
26125125476,11
26125125101,11
26125125061,11
26125125100,11
26125125009,11
26125125339,11
26125125334,9
26125125326,10
26125125316,10
26125125087,11
26125125441,11
26125125004,11
26125125136,11
26125125284,11
26125125233,11
26125125079,11
26125125114,11
26125125153,11
26125125357,11
26125125311,10
26125125159,9
26125125143,9
26125125239,11
26125125131,9
26125125228,9
26125125465,11
26125125212,11
26125125407,12
26125125199,7
26125125027,11
26125125203,6
26125125190,11
26125125031,11
26125125400,12
26125125331,10
26125125424,11
26125125261,9
26125125112,11
26125125399,12
26125125307,10
26125125014,11
26125125215,6
26125125057,11
26125125320,10
26125125083,11
26125125483,11
26125125018,11
26125125467,11
26125125404,12
26125125298,10
26125125433,11
26125125288,11
26125125116,11
26125125428,11
26125125082,11
26125125170,11
26125125354,11
26125125041,11
26125125263,9
26125125084,11
26125125028,11
26125125117,11
26125125150,9
26125125146,9
26125125105,11
26125125029,11
26125125010,11
26125125003,9
26125125012,11
26125125448,11
26125125096,11
26125125091,11
26125125327,10
26125125167,9
26125125236,11
26125125276,11
26125125181,7
26125125267,9
26125125362,12
26125125165,9
26125125375,12
26125125206,6
26125125379,12
26125125124,11
26125125219,6
26125125202,6
26125125241,11
26125125386,12
26125125451,9
26125125434,11
26125125394,12
26125125089,11
26125125063,9
26125125471,11
26125125253,9
26125125297,10
26125125422,11
26125125174,7
26125125145,9
26125125238,11
26125125123,11
26125125248,11
26125125072,11
26125125391,12
26125125405,12
26125125122,11
26125125335,9
26125125264,9
26125125113,11
26125125163,9
26125125164,9
26125125252,9
26125125351,11
26125125229,9
26125125492,11
26125125383,12
26125125214,6
26125125081,11
26125125324,10
26125125069,11
26125125183,11
26125125356,11
26125125005,11
26125125315,10
26125125223,6
26125125449,11
26125125460,11
26125125130,11
26125125272,11
26125125172,12
26125125129,11
26125125286,11
26125125278,11
26125125456,11
26125125185,11
26125125384,12
26125125395,12
26125125073,11
26125125393,12
26125125432,11
26125125204,6
26125125161,9
26125125002,9
26125125374,12
26125125502,11
26125125300,10
26125125511,11
26125125325,10
26125125364,12
26125125022,11
26125125329,10
26125125225,9
26125125363,12
26125125418,9
26125125397,12
26125125011,11
26125125099,11
26125125067,9
26125125242,11
26125125358,11
26125125413,9
26125125237,11
26125125473,11
26125125513,11
26125125016,11
26125125050,11
26125125439,11
26125125094,11
26125125287,11
26125125230,9
26125125019,11
26125125415,9
26125125160,9
26125125292,11
26125125151,11
26125125274,11
26125125042,11
26125125466,11
26125125259,9
26125125152,11
26125125210,6
26125125317,10
26125125489,11
26125125485,11
26125125308,10
26125125414,9
26125125365,12
26125125217,6
26125125107,11
26125125426,11
26125125304,10
26125125340,11
26125125350,11
26125125197,7
26125125469,11
26125125389,12
26125125500,11
26125125121,11
26139139035,3
26139139009,2
26139139010,3
26139139023,4
26139139088,3
26139139107,4
26139139012,3
26139139036,3
26139139050,4
26139139106,4
26139139040,3
26139139018,4
26139139063,4
26139139055,4
26139139062,4
26139139073,4
26139139008,4
26139139014,3
26125125392,12
26125125348,11
26125125479,11
26125125184,11
26125125140,9
26125125076,11
26125125342,11
26125125191,11
26125125371,12
26125125039,11
26125125260,9
26125125333,9
26125125398,12
26125125313,10
26125125420,11
26125125133,9
26125125343,11
26125125419,11
26125125103,11
26125125403,12
26125125385,12
26125125323,10
26125125361,11
26125125283,11
26125125345,11
26125125141,9
26125125166,9
26125125352,11
26125125366,12
26125125171,12
26125125008,11
26125125213,11
26125125455,11
26125125486,11
26125125154,11
26125125235,11
26125125271,9
26125125080,11
26125125111,11
26125125417,9
26125125040,11
26125125015,11
26125125488,11
26125125328,10
26125125198,9
26125125507,11
26125125484,11
26125125257,9
26125125132,9
26125125344,11
26125125431,11
26125125021,11
26125125024,11
26125125224,6
26125125336,11
26125125378,12
26125125135,11
26125125370,12
26125125245,11
26125125109,11
26125125064,9
26125125195,7
26125125097,11
26125125256,9
26125125168,9
26125125461,11
26125125508,11
26125125044,11
26125125138,11
26125125425,11
26125125240,11
26125125454,11
26125125188,11
26125125186,11
26125125207,6
26125125506,11
26125125443,11
26125125406,12
26125125377,12
26125125222,6
26125125312,10
26125125144,9
26125125294,11
26163163653,6
26163163038,6
26163163826,12
26163163918,6
26163163542,13
26163163319,13
26029029018,1
26163163071,12
26163163581,12
26163163290,12
26163163222,12
26163163761,12
26163163104,12
26163163706,13
26163163415,13
26163163462,13
26163163535,13
26163163807,6
26163163638,12
26163163445,13
26163163399,13
26163163214,12
26163163170,12
26163163814,6
26163163558,13
26163163332,13
26163163593,12
26163163818,6
26163163680,13
26163163610,12
26163163181,12
26163163763,12
26163163525,13
26163163391,13
26163163905,13
26163163372,13
26163163482,13
26163163622,13
26163163371,13
26163163683,13
26163163597,12
26163163076,12
26163163167,12
26163163699,13
26163163279,13
26163163007,13
26163163707,13
26163163743,12
26163163378,13
26163163369,13
26163163703,13
26163163314,13
26163163812,6
26163163805,6
26163163124,12
26163163745,12
26163163509,13
26163163675,13
26163163643,13
26163163787,13
26163163359,13
26163163403,13
26163163380,13
26163163150,12
26163163056,6
26163163052,6
26163163719,6
26163163263,13
26163163223,12
26163163592,12
26163163961,12
26163163409,13
26163163583,12
26163163003,13
26163163257,12
26163163455,13
26163163741,13
26163163058,6
26163163720,12
26163163444,13
26163163234,13
26163163470,13
26163163045,6
26147147068,9
26147147003,9
26147147012,9
26147147030,9
26027027013,5
26027027010,5
26027027009,5
26027027019,5
26027027020,5
26027027015,5
26027027022,5
26027027017,5
26027027002,5
26027027021,5
26027027001,5
26027027018,5
26027027005,5
26027027004,5
26027027012,5
26027027016,5
26027027003,5
26027027014,5
26027001001,5
26147147043,9
26147147008,9
26147147035,9
26147147050,9
26147147054,9
26147147045,9
26147147067,9
26147147024,9
26147147060,9
26147147031,9
26147147044,9
26147147048,9
26147147046,9
26147147055,9
26147147026,9
26147000001,9
26147147032,9
26147147020,9
26147147006,9
26147147029,9
26147147023,9
26147147036,9
26147147010,9
26147147063,9
26147147014,9
26147147015,9
26147147042,9
26147147056,9
26147147041,9
26147147034,9
26147147013,9
26147147001,9
26145145067,8
26145145034,8
26145145011,8
26145145084,8
26145145054,8
26145145040,8
26145145060,8
26145145005,8
26145145080,8
26145145049,8
26145145016,8
26145145009,8
26145145082,8
26145145068,8
26145145020,8
26145145055,8
26145145024,8
26145145018,8
26145145063,8
26147147069,9
26147147002,9
26147147064,9
26147147007,9
26147147052,9
26147147037,9
26147147051,9
26147147021,9
26147147057,9
26147147009,9
26147147040,9
26147147065,9
26147147019,9
26147147018,9
26147147061,9
26147147017,9
26147147053,9
26147147070,9
26147147062,9
26147147047,9
26147147066,9
26147147025,9
26147147004,9
26147147011,9
26147147059,9
26147147039,9
26147147016,9
26147147049,9
26147147027,9
26139139022,4
26139139096,3
26139139085,3
26139139039,3
26139139069,4
26139139006,4
26139139016,3
26139139031,4
26139139066,4
26139139100,3
26139139098,3
26139139001,3
26139139081,4
26139139013,3
26139139048,4
26139139101,3
26139139065,4
26139139024,4
26139139080,4
26139139102,4
26139139070,4
26139139051,4
26139139025,4
26139139029,4
26139139068,4
26139139090,3
26139139058,4
26139139074,4
26163163404,13
26163163530,13
26163163566,13
26163163639,13
26163163193,12
26163163816,6
26163163466,13
26163163422,13
26139139034,3
26139139060,4
26139139067,4
26139139083,4
26139139007,4
26139139075,4
26139139004,3
26139139044,4
26139139056,4
26139139054,4
26139139076,4
26139139072,4
26139139019,4
26139139097,3
26139139030,4
26139139041,3
26139139042,3
26139139103,4
26139139017,4
26139139079,4
26139139038,3
26139139002,3
26139139052,4
26139139045,4
26139139021,4
26139139011,3
26139139077,4
26139139047,4
26139139104,4
26139139026,4
26139139089,3
26139139086,4
26139139087,4
26139139049,4
26139139032,3
26139139064,4
26139139003,3
26139139105,4
26139139108,4
26139139094,3
26139139061,4
26139139033,3
26139139092,3
26139139059,4
26139139005,3
26139139027,4
26139139020,4
26139139053,4
26139139095,3
26139139057,4
26139139028,4
26139139043,3
26139139071,4
26139139091,3
26139139093,3
26139139015,4
26139139046,4
26139139099,3
26163163647,12
26163163357,13
26163163688,13
26163163498,13
26163163353,13
26163163246,13
26163163526,13
26163163381,13
26163163724,12
26163163050,6
26163163820,6
26163163768,12
26163163848,13
26163163320,13
26163163059,6
26163163341,13
26163163379,13
26163163324,13
26163163073,12
26163163835,12
26163163711,13
26163163305,13
26163163298,13
26163163874,13
26163163709,13
26163163563,13
26163163729,12
26163163952,12
26163163292,12
26163163944,12
26163163304,12
26163163033,6
26163163296,12
26163163947,12
26163163137,12
26163163788,13
26163163349,13
26163163490,13
26163163018,6
26163163211,12
26163163495,13
26163163588,12
26163163021,6
26163163545,13
26163163081,12
26163163634,13
26163163251,12
26163163560,13
26163163502,13
26163163896,13
26163163491,13
26163163966,12
26163163492,13
26163163879,13
26163163780,12
26163163801,6
26163163036,6
26163163852,6
26163163325,13
26163163645,13
26163163062,6
26163163974,6
26163163235,13
26163163640,13
26163163065,6
26163163726,12
26163163430,13
26163163375,13
26163163274,12
26163163054,6
26163163072,12
26163163915,6
26163163596,12
26163163830,12
26163163722,12
26163163744,12
26163163668,6
26163163454,13
26163163701,13
26163163762,12
26163163499,13
26163163626,13
26163163275,12
26163163242,13
26163163206,12
26163163692,13
26163163039,6
26163163959,12
26163163682,13
26163163043,6
26163163047,6
26163163010,13
26163163759,12
26163163784,12
26163163247,12
26163163514,13
26163163585,12
26163163697,13
26163163316,13
26163163655,6
26163163362,13
26163163308,13
26163163496,13
26163163888,13
26163163095,12
26163163946,12
26163163340,13
26163163420,13
26165165006,2
26165165007,2
26165165015,1
26165165013,2
26165165001,2
26165165020,2
26165165021,2
26165165008,2
26165165016,2
26165165003,2
26165165017,2
26165165018,2
26165165010,2
26165165005,2
26165165012,1
26165165004,2
26165165011,1
26165165002,2
26165165019,2
26165165014,2
26125000006,11
26125000010,6
26125000019,6
26125000023,6
26125000003,11
26125000013,6
26073073005,2
26073073021,2
26073073006,2
26073073025,2
26073073010,2
26073073015,2
26073073011,2
26073073027,2
26073073004,2
26073073022,2
26073073013,2
26073073017,2
26073073023,2
26073073028,2
26037037005,7
26037037003,7
26037037023,7
26037037029,7
26037037025,7
26037037002,7
26037037030,7
26037037020,7
26037037010,7
26037037032,7
26037037015,7
26037037012,7
26037000002,7
26037037028,7
26037037034,7
26083083005,1
26083083003,1
26073073003,2
26073073014,2
26073073002,2
26073073019,2
26073073026,2
26073073007,2
26073073009,2
26073073012,2
26073073020,2
26073073001,2
26073073016,2
26073073024,2
26073000001,2
26061061020,1
26061061011,1
26061061004,1
26061061030,1
26061061015,1
26061061005,1
26061061013,1
26061061012,1
26085085011,2
26085085012,2
26085085007,2
26085085005,2
26085085008,2
26071071002,1
26071071005,1
26059059001,5
26059059024,5
26059059010,5
26059059005,5
26059059013,5
26059059022,5
26059059003,5
26059059017,5
26059059008,5
26059059007,5
26059059014,5
26059059002,5
26059059009,5
26059059023,5
26059059021,5
26059059019,5
26083083001,1
26083083002,1
26083083004,1
26073073008,2
26073073018,2
26061061003,1
26061061008,1
26061061002,1
26061061007,1
26061061018,1
26061061023,1
26061061029,1
26061061017,1
26061061022,1
26061061019,1
26061061016,1
26061061025,1
26061061009,1
26061061027,1
26061061024,1
26061061026,1
26061061028,1
26061061021,1
26061061010,1
26061061001,1
26061061006,1
26061061014,1
26085085003,2
26085085010,2
26085085013,2
26085085015,2
26085085014,2
26085085006,2
26085085009,2
26085085002,2
26085085004,2
26085085001,2
26059059016,5
26059059020,5
26059059006,5
26059059011,5
26059059015,5
26059059025,5
26059059004,5
26059059012,5
26059059026,5
26059059018,5
26163163312,13
26163163130,12
26163163322,13
26163163760,12
26163163899,13
26163163676,13
26163163232,13
26087087006,9
26087087019,9
26087087008,9
26087087029,9
26087087026,9
26087087013,9
26087087017,9
26087087015,9
26087087032,9
26087087024,9
26087087034,9
26087087002,9
26087087028,9
26087087025,9
26087087027,9
26163163652,6
26163163488,13
26163163476,13
26163163192,12
26163163004,13
26163163099,12
26163163715,6
26163163579,13
26163163449,13
26163163851,6
26163163216,12
26163163815,6
26163163932,13
26163163860,13
26163163114,12
26163163168,12
26163163212,12
26163163907,13
26163163847,13
26163163571,13
26163163965,12
26163163358,13
26163163354,13
26163163310,13
26163163783,12
26163163407,13
26163163385,13
26163163648,13
26163163781,12
26163163854,6
26163163435,13
26163163642,13
26163163857,13
26163163373,13
26163163685,13
26163163432,13
26163163084,12
26163163153,12
26163163249,12
26163163679,13
26163163423,13
26163163796,6
26163163547,13
26163163602,12
26163163149,12
26163163500,13
26163163962,12
26163163302,13
26163163184,12
26163163267,12
26163163506,13
26163163282,12
26163163046,6
26163163278,12
26163163527,13
26163163436,13
26163163411,13
26163163802,6
26163163429,13
26163163433,13
26163163632,12
26163163083,12
26163163161,12
26163163248,12
26163163221,12
26163163612,12
26163163333,13
26163163474,13
26163163532,13
26163163218,12
26163163649,13
26163163253,12
26163163254,12
26163163605,12
26163163921,6
26163163799,6
26163163819,6
26163163659,12
26163163753,12
26163163125,12
26163163782,12
26163163030,6
26163163303,12
26163163620,12
26163163678,13
26163163442,13
26163163591,12
26163163636,12
26163163587,12
26163163159,12
26163163013,13
26163163686,13
26163163507,13
26163163158,12
26163163599,12
26163163128,12
26163163283,12
26163163230,13
26163163986,13
26163163529,13
26163163382,13
26163163258,12
26163163416,13
26163163236,13
26163163555,13
26163163347,13
26163163609,12
26163163465,13
26163163637,12
26163163233,13
26163163402,13
26163163306,13
26163163633,12
26163163108,12
26163163119,12
26163163472,13
26163163177,12
26163163228,13
26163163262,13
26163163698,13
26163163948,12
26163163836,12
26163163366,13
26163163767,12
26163163863,13
26163163300,13
26163163569,13
26163163450,13
26163163049,6
26163163417,13
26163163873,13
26163163457,13
26163163611,12
26163163113,12
26163163508,13
26163163156,12
26163163561,13
26163163970,12
26163163733,13
26163163022,6
26163163845,12
26163163519,13
26163163485,13
26163163110,12
26163163774,12
26163163188,12
26163163413,13
26163163265,12
26163163289,12
26163163985,13
26163163933,13
26163163269,12
26163163808,6
26163163770,12
26163163882,6
26163163887,13
26163163037,6
26163163853,6
26163163838,12
26163163594,12
26163163666,12
26163163824,12
26163163694,13
26163163749,12
26163163971,12
26163163543,13
26163163577,13
26163163714,6
26163163811,6
26163163023,6
26163163792,6
26163163777,12
26163163117,12
26163163731,13
26163163621,12
26163163227,13
26163163846,13
26163163281,12
26163163090,12
26163163553,13
26163163094,12
26163163400,13
26163163348,13
26163163755,12
26163163630,13
26163163152,12
26163163695,13
26163163779,12
26163163572,13
26163163115,12
26163163772,12
26163163486,13
26163163897,13
26163163276,12
26163163511,13
26163163396,13
26163163085,12
26163163536,13
26163163384,13
26163163478,13
26163163598,12
26163163175,12
26163163471,13
26163163902,13
26163163008,13
26163163501,13
26163163080,12
26163163981,13
26163163681,13
26163163205,12
26163163671,6
26163163617,12
26163163437,13
26163163522,13
26163163078,12
26163163584,12
26163163299,13
26163163980,13
26163163822,12
26163163945,12
26163163460,13
26163163335,13
26163163823,12
26163163987,13
26163163410,13
26163163434,13
26163163926,13
26163163097,12
26163163505,13
26163163916,6
26163163210,12
26163163009,13
26163163240,13
26163163201,12
26163163055,6
26163163866,13
26163163557,13
26163163941,12
26163163878,13
26163163693,13
26163163155,12
26163163923,6
26163163252,12
26163163367,13
26163163176,12
26163163732,13
26163163401,13
26163163182,12
26163163635,12
26163163769,12
26163163728,12
26163163656,6
26163163057,6
26163163533,13
26163163601,12
26163163503,13
26163163537,13
26163163311,13
26163163157,12
26163163716,6
26163163813,6
26163163334,13
26163163517,13
26163163909,6
26163163259,12
26163163975,6
26163163790,13
26163163390,13
26163163821,12
26163163817,6
26163163377,13
26163163074,12
26163163942,12
26163163044,6
26163163778,12
26163163627,13
26163163481,13
26163163255,12
26163163752,12
26163163504,13
26163163684,13
26163163576,13
26163163809,6
26163163363,13
26163163331,13
26163163859,13
26163163606,12
26163163989,13
26163163203,12
26163163665,12
26099000016,9
26163163521,13
26163163418,13
26163163179,12
26163163241,13
26163163615,12
26163163012,13
26163163954,12
26163163178,12
26163163118,12
26163163295,12
26163163614,12
26163163428,13
26163163441,13
26163163174,12
26163163494,13
26163163793,6
26163163016,6
26163163035,6
26163163014,13
26163163122,12
26163163746,12
26163163550,13
26163163301,12
26163163456,13
26163163936,12
26163163704,13
26163163414,13
26163163672,6
26163163139,13
26163163426,13
26163163528,13
26163163343,13
26163163955,12
26163163930,13
26163163443,13
26163163718,6
26163163898,13
26163163723,12
26163163277,12
26163163512,13
26163163180,12
26163163143,13
26163163976,6
26163163849,13
26163163979,6
26163163243,13
26163163364,13
26163163544,13
26163163345,13
26163163196,12
26163163395,13
26163163556,13
26145145079,8
26145145074,8
26145145002,8
26145145017,8
26145145045,8
26145145043,8
26145145008,8
26163163107,12
26163163133,12
26163163795,6
26163163273,12
26163163092,12
26163163439,13
26163163479,13
26163163730,12
26163163105,12
26163163459,13
26163163089,12
26163163446,13
26163163786,12
26163163238,13
26163163142,13
26163163169,12
26163163365,13
26163163677,13
26163163758,12
26163163172,12
26163163548,13
26163163660,12
26163163164,12
26163163515,13
26163163317,13
26163163011,13
26163163939,12
26163163237,13
26163163589,12
26163163595,12
26163163477,13
26163163151,12
26163163912,6
26163163856,6
26163163419,13
26163163098,12
26163163389,13
26163163613,12
26163163964,12
26163163754,12
26163163984,13
26163163452,13
26163163132,12
26163163448,13
26163163147,12
26163163862,13
26163163321,13
26163163881,6
26163163020,6
26163163136,12
26163163226,13
26163163280,13
26163163129,12
26163163689,13
26163163245,13
26163163268,12
26163163272,12
26163163867,13
26163163200,12
26163163121,12
26163163785,12
26163163017,6
26163163540,13
26163163973,6
26163163539,13
26163163191,12
26163163629,12
26163163644,13
26163163832,12
26163163865,13
26163163578,13
26163163747,12
26163163453,13
26163163929,13
26163163829,12
26163163189,12
26163163893,13
26163163850,13
26163163908,13
26163163053,6
26163163969,12
26145145052,8
26145145032,8
26145145077,8
26145145073,8
26145145066,8
26145145037,8
26145145029,8
26145145042,8
26145145041,8
26145145028,8
26145145015,8
26145145023,8
26145145036,8
26145145070,8
26145145035,8
26145145033,8
26145145019,8
26145145004,8
26145145059,8
26145145038,8
26145145078,8
26145145044,8
26145145014,8
26145145046,8
26145145050,8
26145145071,8
26145145076,8
26145145064,8
26145145051,8
26145145057,8
26145145012,8
26145145053,8
26145145062,8
26145145065,8
26163163244,13
26163163708,13
26163163691,13
26163163604,12
26163163740,13
26163163431,13
26163163140,13
26163163549,13
26163163190,12
26163163497,13
26163163160,12
26163163309,13
26163163771,12
26163163406,13
26163163739,13
26163163562,13
26163163940,12
26163163393,13
26163163220,12
26163163654,6
26163163756,12
26163163891,13
26163163123,12
26163163376,13
26163163103,12
26163163337,13
26163163075,12
26163163421,13
26163163590,12
26163163330,13
26163163797,6
26163163876,13
26163163765,12
26163163789,13
26163163510,13
26163163468,13
26163163239,13
26163163844,12
26163163696,13
26163163040,6
26163163323,13
26163163580,13
26163163575,13
26163163146,12
26163163461,13
26163163355,13
26163163297,12
26163163162,12
26163163250,12
26163163949,12
26163163424,13
26163163518,13
26163163387,13
26163163910,6
26163163568,13
26163163674,13
26163163425,13
26163163194,12
26163163641,13
26163163339,13
26163163088,12
26163163165,12
26163163171,12
26163163197,12
26163163464,13
26163163166,12
26163163148,12
26163163493,13
26163163794,6
26163163658,12
26163163112,12
26163163914,6
26163163427,13
26163163483,13
26163163607,12
26163163288,12
26163163202,12
26163163264,12
26163163475,13
26163163386,13
26163163702,13
26163163285,12
26163163935,12
26163163287,12
26163163394,13
26163163213,12
26163163972,12
26163163586,12
26163163328,13
26163163516,13
26163163398,13
26163163266,12
26163163199,12
26163163713,13
26163163173,12
26163163913,6
26163163631,12
26163163051,6
26163163368,13
26163163791,13
26163163207,12
26111111013,8
26111111014,8
26111111037,8
26111111016,8
26111111024,8
26143143005,1
26143143008,1
26143143012,1
26143143007,1
26143143011,1
26143143009,1
26013013007,1
26013013002,1
26013013001,1
26013013008,1
26013013006,1
26013013003,1
26013013004,1
26013013005,1
26049049088,8
26049049208,8
26049049046,8
26049049107,8
26049049172,8
26049049058,8
26049049179,8
26049049090,8
26049049211,8
26049049060,8
26049049189,8
26049049033,8
26049049098,8
26049049023,8
26049049026,8
26049049160,8
26049049114,8
26049049069,8
26049049106,8
26049049004,8
26049049202,8
26049049073,8
26049049048,8
26049049153,8
26049049126,8
26049049140,8
26049049037,8
26049049156,8
26049049136,8
26049049143,8
26049049177,8
26049049124,8
26049049034,8
26049049051,8
26049049186,8
26049049110,8
26049049097,8
26049049027,8
26049049129,8
26049049133,8
26049049089,8
26049049043,8
26049049115,8
26049049057,8
26049049036,8
26049049042,8
26049049102,8
26049049071,8
26049049006,8
26049049188,8
26049049113,8
26049049053,8
26049049031,8
26049049187,8
26049049024,8
26049049087,8
26049049151,8
26049049086,8
26049049092,8
26049049203,8
26049049154,8
26049049020,8
26049049135,8
26049049055,8
26049049066,8
26049049108,8
26049049019,8
26049049159,8
26049049084,8
26049049171,8
26049049169,8
26049049012,8
26049049150,8
26049049022,8
26049049119,8
26049049137,8
26049049206,8
26049049168,8
26049049162,8
26049049181,8
26049049127,8
26049049008,8
26049049175,8
26049049134,8
26049049105,8
26049049016,8
26049049103,8
26049049038,8
26049049123,8
26049049122,8
26049049212,8
26049049191,8
26049049120,8
26049049131,8
26049049182,8
26049049104,8
26049049199,8
26049049082,8
26049049099,8
26049049148,8
26049049198,8
26049049076,8
26049049050,8
26049049049,8
26049049078,8
26049049081,8
26049049070,8
26049049192,8
26049049200,8
26049049152,8
26049049166,8
26049049096,8
26049049091,8
26049049190,8
26049049185,8
26049049180,8
26049049141,8
26049049195,8
26049049121,8
26049049095,8
26049049201,8
26049049052,8
26049049025,8
26049049065,8
26049049056,8
26049049029,8
26049049213,8
26049049215,8
26049049146,8
26049049161,8
26049049040,8
26049049205,8
26049049054,8
26049049074,8
26049049068,8
26049049194,8
26049049209,8
26049049018,8
26049049142,8
26049049178,8
26049049214,8
26049049149,8
26049049030,8
26049049063,8
26049049044,8
26049049117,8
26049049035,8
26049049155,8
26049049204,8
26049049015,8
26049049196,8
26049049197,8
26049049041,8
26049049075,8
26049049028,8
26049049128,8
26049049077,8
26049049094,8
26049049139,8
26049049059,8
26049049013,8
26049049002,8
26049049184,8
26049049173,8
26049049158,8
26049049176,8
26049049144,8
26049049003,8
26049049011,8
26049049010,8
26049049017,8
26049049147,8
26049049174,8
26049049112,8
26049049001,8
26049049079,8
26049049132,8
26049049193,8
26049049138,8
26049049101,8
26049049116,8
26049049062,8
26049049167,8
26049049014,8
26049049083,8
26049049125,8
26049049111,8
26049049130,8
26049049210,8
26049049093,8
26049049021,8
26049049170,8
26049049165,8
26049049163,8
26049049100,8
26049049009,8
26049049145,8
26049049045,8
26049049109,8
26049049061,8
26049049005,8
26049049067,8
26049049216,8
26049049085,8
26049049039,8
26049049164,8
26049049007,8
26049049047,8
26049049118,8
26049049207,8
26049049032,8
26049049157,8
26049049064,8
26049049072,8
26049049080,8
26015015019,2
26015015018,2
26015015024,2
26015015016,2
26015015022,2
26015015017,2
26015015011,2
26015015009,2
26015015003,2
26015015005,2
26015015008,2
26015015021,2
26015015001,2
26015015013,2
26015015023,2
26015015015,2
26015015006,2
26015015012,2
26015015010,2
26015015002,2
26015015007,2
26027027006,5
26027027008,5
26027027011,5
26087087007,9
26087087014,9
26087087023,9
26087087005,9
26087087012,9
26087087018,9
26087087001,9
26087087033,9
26087087010,9
26087087022,9
26025025021,4
26025025019,4
26025025055,4
26025025056,4
26025025041,4
26025025013,4
26025025006,5
26025025015,4
26025025010,4
26025025050,5
26025025005,5
26025025004,5
26025025012,4
26025025024,4
26025025031,4
26025025044,5
26025025028,4
26025025043,5
26025025036,5
26025025003,5
26025025022,4
26025025011,4
26025025018,4
26025025023,4
26025025026,4
26025025007,5
26025025045,5
26025025038,5
26025025037,5
26025025054,4
26025025009,4
26025025040,4
26025025034,5
26025025051,5
26025025060,5
26025025030,4
26025025058,4
26025025046,5
26025025048,5
26025025001,5
26025025029,4
26025025057,5
26025025042,4
26025025017,4
26025025049,5
26025025053,5
26025025008,5
26025025025,4
26025025039,4
26025025032,4
26025025016,4
26025025047,5
26025025002,5
26025025027,4
26025025020,4
26025025059,4
26025025014,4
26025025035,5
26035035007,2
26035035002,2
26035035012,2
26035035019,2
26035035001,2
26035035014,2
26035035015,2
26035035004,2
26035035006,2
26035035003,2
26035035011,2
26035035018,2
26123000002,2
26079079009,1
26079079013,1
26079079006,1
26079079005,1
26079079003,1
26079079002,1
26079079010,1
26079079008,1
26079079011,1
26079079007,1
26079079001,1
26079079012,1
26079079004,1
26049000016,8
26015015014,2
26015015020,2
26015037120,2
26143143006,1
26143143003,1
26143143014,1
26143143013,1
26143143002,1
26143143004,1
26143143010,1
26143143001,1
26043043003,1
26043043004,1
26043043015,1
26043043012,1
26043043011,1
26043043007,1
26043043009,1
26043043013,1
26043043010,1
26043043008,1
26043043006,1
26043043001,1
26043043002,1
26043043005,1
26043043016,1
26099000015,9
26099000017,9
26099000019,9
26099000011,9
26099000018,9
26163005125,13
26161161004,6
26161161057,6
26161161074,6
26161161123,6
26161161048,6
26161161121,6
26161161120,6
26161161095,6
26161161151,6
26161161059,6
26035035010,2
26035035009,2
26035035017,2
26101101002,2
26101101010,2
26101101016,2
26101101009,2
26101101015,2
26101101005,2
26101101012,2
26161161070,6
26161161056,6
26161161050,6
26161161051,6
26161161150,6
26161161103,6
26161161112,6
26161161017,6
26161161078,6
26161161133,6
26161161067,6
26161161049,6
26161161003,6
26161161125,6
26161161068,6
26161161110,6
26161161066,6
26161161116,6
26161161093,6
26161161002,6
26161161040,6
26161161005,6
26161161115,6
26161161016,6
26161161054,6
26161161147,6
26161161038,6
26161161139,6
26161161081,6
26161161076,6
26161161096,6
26161161131,6
26161161064,6
26161161035,6
26021021040,5
26021021003,4
26021021023,4
26021021061,4
26021021001,4
26021021062,5
26161161063,6
26161161144,6
26161161069,6
26161161058,6
26161161025,6
26161161143,6
26161161137,6
26161161030,6
26161161084,6
26161161011,6
26161161118,6
26161161101,6
26161161012,6
26161161124,6
26161161092,6
26161161111,6
26161161129,6
26161161052,6
26161161135,6
26161161001,6
26161161079,6
26161161006,6
26161161010,6
26161161028,6
26161161149,6
26161161107,6
26161161090,6
26161161008,6
26161161109,6
26161161099,6
26161161085,6
26161161126,6
26161161089,6
26161161014,6
26161161128,6
26161161060,6
26161161009,6
26161161031,6
26161161148,6
26161161047,6
26161161108,6
26161161037,6
26161161113,6
26161161098,6
26161161020,6
26161161141,6
26161161024,6
26161161073,6
26161161088,6
26161161114,6
26161161043,6
26161161142,6
26161161146,6
26161161122,6
26161161106,6
26161161022,6
26161161082,6
26161161027,6
26161161033,6
26161161018,6
26161161130,6
26161161023,6
26161161032,6
26161161007,6
26161161087,6
26161161055,6
26161161013,6
26161161138,6
26161161053,6
26161161061,6
26161161044,6
26161161042,6
26161161029,6
26161161086,6
26161161062,6
26161161075,6
26161161041,6
26161161136,6
26161161046,6
26161161015,6
26161161080,6
26161161071,6
26161161019,6
26161161117,6
26161161134,6
26161161045,6
26161161100,6
26161161034,6
26161161065,6
26161161097,6
26161161140,6
26161161072,6
26161161119,6
26161161077,6
26161161083,6
26161161021,6
26161161104,6
26161161036,6
26161161127,6
26161161145,6
26161161091,6
26161161132,6
26161161105,6
26161161039,6
26161161094,6
26161161026,6
26141141010,1
26141141009,1
26141141015,1
26141141011,1
26141141004,1
26141141005,1
26141141013,1
26141141002,1
26141141007,1
26141141001,1
26141141014,1
26141141008,1
26141141012,1
26141141003,1
26141141016,1
26141141006,1
26081081238,3
26081081127,3
26081081218,3
26081081004,3
26081081173,3
26081081212,2
26081081217,3
26081081104,3
26081081169,3
26081081022,3
26081081186,2
26081081109,3
26081081063,3
26081081207,2
26081081020,2
26081081055,3
26081081213,2
26081081041,3
26081081149,3
26081081165,3
26081081190,2
26081081010,2
26081081147,3
26081081191,3
26081081208,2
26081081115,3
26081081053,2
26081081237,3
26081081070,3
26081081179,3
26081081118,3
26081081202,3
26081081067,3
26081081181,3
26081081205,2
26081081235,3
26081081210,2
26081081184,2
26081081091,3
26081081200,3
26081081244,3
26081081116,3
26081081124,3
26081081178,3
26081081226,3
26081081012,2
26081081248,3
26081081227,3
26081081102,3
26081081009,2
26081081018,3
26081081209,2
26081081204,2
26081081040,3
26081081017,3
26081081211,2
26081081182,2
26081081049,3
26081081058,3
26081081185,2
26081081193,3
26081081130,3
26081081092,3
26081081047,3
26081081187,2
26115115048,5
26115115020,5
26115115003,5
26115115042,5
26115115049,5
26115115047,5
26115115054,5
26115115060,5
26115115033,5
26115115064,5
26115115050,5
26115115015,5
26115115056,5
26115115031,5
26115115051,5
26115115024,5
26115115058,5
26115115017,5
26115115061,5
26115115025,5
26115115043,5
26115115044,5
26115115039,5
26115115052,5
26115115006,5
26115115057,5
26115115062,5
26115115016,5
26115115038,5
26115115014,5
26115115053,5
26115115019,5
26115115041,5
26115115063,5
26115115023,5
26115115022,5
26115115035,5
26115115002,5
26115115059,5
26115115055,5
26115115040,5
26115115013,5
26115115027,5
26115115045,6
26115115034,5
26115115026,5
26115115009,5
26115115046,5
26115115001,5
26115115036,5
26115115029,5
26115115018,5
26115115028,5
26115115030,5
26115115005,5
26115115037,5
26115115032,5
26115115008,5
26115115012,5
26115115011,5
26115115004,5
26115115021,5
26115115007,5
26115115010,5
26115000003,5
26041041018,1
26041041007,1
26041041021,1
26041041008,1
26041041002,1
26041041015,1
26041041009,1
26041041006,1
26041041011,1
26041041019,1
26041041001,1
26041041010,1
26041041016,1
26041041020,1
26041041017,1
26041041005,1
26041041022,1
26041041004,1
26041041003,1
26041041023,1
26041041014,1
26041041012,1
26041041013,1
26131131001,1
26131131007,1
26131131005,1
26131131006,1
26131131010,1
26131131004,1
26131131009,1
26131131008,1
26131131012,1
26131131002,1
26131131011,1
26131131003,1
26077077069,4
26077077035,4
26077077105,4
26077077014,4
26077077024,4
26077077072,4
26077077107,5
26077077054,4
26077077090,4
26077077068,4
26077077040,4
26077077042,4
26077077028,4
26077077036,4
26077077022,4
26077077080,4
26077077098,5
26077077017,4
26077077087,4
26077077016,4
26077077073,4
26077077018,4
26077077076,4
26077077100,5
26077077056,4
26077077085,4
26077077051,4
26077077104,4
26077077010,4
26077077075,4
26077077067,4
26077077062,4
26077077026,4
26077077057,4
26077077083,4
26077077023,4
26077077025,4
26077077077,4
26077077009,4
26077077011,4
26077077045,4
26077077103,4
26077077015,4
26077077089,4
26077077084,4
26077077093,4
26077077060,4
26077077008,4
26077077097,5
26077077061,4
26077077019,4
26077077092,4
26077077006,4
26077077037,4
26077077043,4
26077077082,4
26077077046,4
26077077074,4
26077077099,5
26077077106,4
26077077031,4
26077077086,4
26077077065,4
26077077078,4
26155155012,7
26155155002,7
26155155019,7
26155155028,7
26155155001,7
26155155032,7
26155155027,7
26155155009,7
26155155006,7
26155155020,7
26155155021,7
26155155024,7
26155155026,7
26155155003,7
26155155010,7
26155155005,7
26155155031,7
26155155033,7
26155155014,7
26155155013,7
26155155029,7
26155155011,7
26155155017,7
26155155016,7
26155155004,7
26155155025,7
26155155007,7
26155155008,7
26155155023,7
26155155018,7
26155155015,7
26155000001,7
26089089002,1
26089089011,1
26089089006,1
26089089001,1
26089089007,1
26089089010,1
26089089003,1
26089089004,1
26089089009,1
26089089012,1
26089089005,1
26089089008,1
26089089013,1
26077077049,4
26077077021,4
26077077088,4
26077077005,4
26077077044,4
26077077071,4
26077077048,4
26077077063,4
26077077096,4
26077077039,4
26077077041,4
26077077004,5
26077077066,4
26077077079,4
26077077091,5
26077077059,4
26077077029,4
26077077020,4
26077077058,4
26077077007,4
26077077002,4
26077077070,4
26077077094,4
26077077095,4
26077077064,4
26077077027,4
26077077032,4
26077077003,5
26077077050,4
26077077055,4
26077077102,4
26077077001,4
26077077081,4
26077077101,4
26077077030,4
26077077034,4
26077077033,4
26077077012,4
26077077013,4
26077077038,4
26077077047,4
26065065003,7
26065065070,7
26065065117,7
26065065037,7
26065065084,7
26065065115,7
26065065118,7
26065065008,7
26065065055,7
26065065024,7
26065065100,7
26065065087,7
26065065079,7
26065065053,7
26065065104,7
26065065092,7
26065065071,7
26065065045,7
26065065078,7
26065065023,7
26065065057,7
26065065006,7
26065065032,7
26065065033,7
26065065109,7
26065065088,7
26065065050,7
26065065096,7
26065065019,7
26065065056,7
26065065026,7
26065065093,7
26065065016,7
26065065049,7
26065065105,7
26065065083,7
26065065089,7
26065065086,7
26065065098,7
26065065062,7
26065065014,7
26099099055,10
26099099089,10
26099099235,10
26099099022,9
26099099154,9
26099099024,9
26099099227,10
26099099151,10
26099099201,10
26099099295,10
26099099088,10
26099099104,9
26099099327,10
26099099139,10
26099099328,10
26099099178,10
26099099054,10
26099099080,10
26099099236,10
26099099322,10
26099099266,10
26099099337,9
26099099081,10
26099099017,9
26099099119,10
26099099140,9
26099099057,10
26099099009,10
26099099085,10
26099099182,10
26099099277,10
26099099166,10
26099099332,9
26099099306,10
26099099193,10
26099099028,10
26099099060,10
26099099148,10
26099099336,9
26099099285,10
26099099175,10
26099099230,10
26065065060,7
26065065064,7
26065065017,7
26065065009,7
26065065068,7
26065065012,7
26065065022,7
26065065044,7
26065065021,7
26065065002,7
26065065061,7
26065065059,7
26065065077,7
26065065076,7
26065065051,7
26065065103,7
26065065075,7
26065065046,7
26065065110,7
26065065039,7
26065065025,7
26065065074,7
26065065080,7
26065065028,7
26065065052,7
26065065090,7
26065065029,7
26065065106,7
26065065102,7
26065065047,7
26065065101,7
26065065063,7
26065065091,7
26065065035,7
26099099131,9
26099099106,9
26099099231,10
26099099212,10
26099099229,10
26099099152,9
26099099243,10
26099099128,9
26099099288,10
26099099132,9
26099099310,10
26099099092,10
26099099111,10
26099099020,9
26099099117,9
26099099194,10
26099099049,10
26099099283,10
26099099082,10
26099099321,10
26099099272,10
26099099064,10
26099099098,10
26099099027,10
26099099047,10
26099099008,10
26099099251,10
26099099039,10
26099099040,10
26099099133,9
26099099036,10
26099099026,10
26099099090,10
26099099325,10
26099099191,10
26099099063,10
26099099300,10
26099099206,10
26099099129,9
26099099177,10
26099099256,10
26099099001,9
26099099241,10
26099099239,10
26099099330,9
26099099031,10
26099099217,10
26099099153,9
26099099180,10
26099099195,10
26099099041,10
26099099284,10
26099099093,10
26099099174,10
26099099324,10
26099099160,9
26099099053,10
26099099050,10
26099099338,9
26099099102,10
26099099013,9
26099099100,10
26099099074,10
26099099270,10
26099099223,10
26099099021,9
26099099199,10
26099099192,10
26099099305,10
26099099075,10
26099099072,10
26099099056,10
26099099079,10
26099099181,10
26099099275,10
26099099116,9
26099099200,10
26099099196,10
26099099280,10
26099099112,10
26099099260,10
26099099014,9
26099099333,9
26099099299,10
26075075015,5
26075075008,5
26075075041,5
26075075014,5
26075075011,5
26075075033,5
26075075046,5
26075075006,5
26075075001,5
26075075051,5
26075075012,5
26075075038,5
26075075036,5
26075075050,5
26075075042,5
26075075062,5
26075075032,5
26075075002,5
26075075053,5
26075075025,5
26075075031,5
26075075037,5
26075075024,5
26075075029,5
26075075045,5
26075075013,5
26075075034,5
26075075007,5
26075075061,5
26075075044,5
26075075016,5
26075075060,5
26075075039,5
26075075035,5
26075075020,5
26075075018,5
26075075005,5
26075075040,5
26075075048,5
26075075028,5
26075075009,5
26075075010,5
26099099335,9
26099099222,10
26099099167,10
26099099145,10
26099099255,10
26099099226,10
26099099228,10
26099099070,10
26099099004,9
26099099162,9
26099099136,9
26099099208,10
26099099150,10
26099099007,10
26099099016,9
26099099290,10
26099099141,9
26099099107,9
26099099173,10
26099099164,10
26099099216,10
26099099286,10
26099099264,10
26099099099,10
26099099317,10
26099099233,10
26099099205,10
26099099282,10
26099099109,9
26099099323,10
26099099248,10
26099099203,10
26099099170,10
26099099197,10
26099099259,10
26099099073,10
26099099097,10
26099099318,10
26099099083,10
26099099095,10
26099099250,10
26099099315,10
26075075023,5
26075075054,5
26075075017,5
26075075055,5
26075075063,5
26075075049,5
26075075052,5
26075075058,5
26075075043,5
26075075019,5
26075075004,5
26075075057,5
26075075021,5
26075075047,5
26075075003,5
26075075027,5
26075075026,5
26075075030,5
26075075059,5
26075075056,5
26075075022,5
26099099062,10
26099099125,10
26099099279,10
26099099169,10
26099099186,10
26099099061,10
26099099213,10
26099099115,9
26099099307,10
26099099253,10
26099099252,10
26099099249,10
26099099220,10
26099099048,10
26099099184,10
26099099293,10
26099099096,10
26099099144,9
26099099066,10
26099099042,10
26099099067,10
26099099242,10
26099099086,10
26099099018,9
26099099188,10
26099099091,10
26099099257,10
26099099069,10
26099099198,10
26099099121,9
26099099262,10
26099099035,10
26099099108,9
26099099126,9
26099099165,10
26099099110,10
26099099094,10
26099099046,10
26099099209,10
26099099043,10
26099099155,9
26099099258,10
26099099244,10
26099099138,9
26099099045,10
26005005040,4
26005005011,4
26005005032,4
26005005016,4
26005005019,4
26005005046,4
26005005005,4
26005005022,4
26005005033,4
26005005031,4
26005005026,4
26005005044,4
26005005013,4
26005005045,4
26005005025,4
26005005043,4
26005005003,4
26005005029,4
26005005035,4
26005005004,4
26005005015,4
26005005012,4
26005005017,4
26005005010,4
26005005042,4
26005005027,4
26005005018,4
26005005037,4
26005005006,4
26005005030,4
26005005014,4
26005005024,4
26005005007,4
26005005009,4
26005005036,4
26005005038,4
26005005039,4
26005005021,4
26005005028,4
26005005023,4
26005005008,4
26005005001,4
26005005034,4
26005005002,4
26005005020,4
26005005041,4
26119119004,1
26119119007,1
26119119009,1
26119119006,1
26119119003,1
26119119008,1
26119119001,1
26119119005,1
26119119002,1
26099099134,9
26099099224,10
26099099076,10
26099099015,9
26099099034,10
26099099118,10
26099099058,10
26099099234,10
26099099172,10
26099099334,9
26099099240,10
26099099225,10
26099099204,10
26099099101,10
26099099158,9
26099099316,10
26099099103,9
26099099033,10
26099099161,9
26099099179,10
26099099304,10
26099099298,10
26099099311,10
26099099122,9
26099099297,10
26099099147,10
26099099030,10
26099099025,9
26099099302,10
26099099331,9
26099099218,10
26099099254,10
26099099294,10
26099099278,10
26099099313,10
26099099185,10
26099099211,10
26099099319,10
26099099077,10
26099099078,10
26111111045,8
26111111006,8
26111111052,8
26111111053,2
26111111038,8
26111111003,2
26111111033,8
26111111019,8
26111111029,8
26111111008,8
26111111032,8
26111111001,2
26111111004,2
26111111028,8
26111111010,8
26111111021,8
26111111050,8
26111111011,2
26111111026,8
26111111034,8
26111111020,8
26111111015,8
26111111042,8
26111111044,8
26111111023,8
26111111041,8
26111111036,8
26111111007,8
26111111017,8
26111111043,8
26111111005,8
26111111025,8
26111111027,8
26111111031,8
26111111012,8
26111111040,8
26111111035,8
26111111002,2
26111111009,8
26111111051,8
26111111030,8
26111111018,8
26099099142,9
26099099219,10
26099099012,9
26099099143,9
26099099038,10
26099099265,10
26099099124,9
26099099276,10
26099099214,10
26099099105,9
26099099232,10
26099099183,10
26099099273,10
26099099002,9
26099099289,10
26099099156,9
26099099268,10
26099099051,10
26099099137,9
26099099032,10
26099099246,10
26099099123,9
26099099120,10
26099099127,9
26099099171,10
26099099202,10
26099099267,10
26099099263,10
26099099281,10
26099099065,10
26099099189,10
26099099221,10
26099099296,10
26099099291,10
26099099113,10
26099099068,10
26099099301,10
26099099006,9
26099099287,10
26099099163,10
26099099303,10
26099099114,10
26111111039,8
26111111022,8
26065065058,7
26065065081,7
26065065020,7
26065065011,7
26065065001,7
26065065067,7
26065065066,7
26065065073,7
26065065043,7
26065065054,7
26065065097,7
26065065114,7
26065065107,7
26065065030,7
26065065048,7
26065065069,7
26065065013,7
26065065085,7
26065065015,7
26065065010,7
26065065095,7
26065065099,7
26065065005,7
26065065041,7
26065065004,7
26065065018,7
26065065036,7
26065065072,7
26065065040,7
26065065042,7
26065065007,7
26065065111,7
26065065034,7
26065065027,7
26065065038,7
26065065108,7
26065065094,7
26065065065,7
26065065031,7
26065065113,7
26099099320,10
26099099037,10
26099099157,9
26099099130,9
26099099329,9
26099099237,10
26099099059,10
26099099207,10
26099099071,10
26099099314,10
26099099168,10
26099099023,9
26099099029,10
26099099052,10
26099099003,9
26099099084,10
26099099245,10
26099099238,10
26099099308,10
26099099261,10
26099099005,9
26099099215,10
26099099159,9
26099099326,10
26099099271,10
26099099312,10
26099099187,10
26099099269,10
26099099135,9
26099099274,10
26099099309,10
26099099146,10
26099099010,10
26099099011,10
26099099176,10
26099099190,10
26099099210,10
26099099044,10
26099099019,9
26099099087,10
26099099292,10
26099099247,10
26103103009,1
26103103026,1
26103103006,1
26103103023,1
26103103035,1
26133133009,2
26133133016,2
26133133007,2
26133133018,2
26133133014,2
26133133006,2
26133133004,2
26133133001,2
26133133003,2
26133133011,2
26133133005,2
26133133017,2
26133133008,2
26133133013,2
26133133015,2
26133133010,2
26133133002,2
26133133012,2
26103103032,1
26103103015,1
26103103036,1
26103103007,1
26103103004,1
26103103027,1
26103103001,1
26103103019,1
26103103010,1
26103103018,1
26103103029,1
26103103013,1
26103103021,1
26103103028,1
26103103030,1
26103103002,1
26103103031,1
26103103020,1
26103103012,1
26103103005,1
26103103014,1
26103103003,1
26103103033,1
26103103016,1
26103103017,1
26103103011,1
26103103034,1
26103103025,1
26103103008,1
26103103022,1
26103103024,1
26069069004,1
26069069001,1
26069069006,1
26069069014,1
26069069012,1
26069069005,1
26069069018,1
26069069008,1
26069069015,1
26069069007,1
26069069013,1
26069069002,1
26069069011,1
26069069017,1
26069069003,1
26069069010,1
26069069016,1
26069069009,1
26035035005,2
26035035008,2
26035035013,2
26035035016,2
26067067011,2
26067067032,2
26067067004,2
26067067030,2
26067067025,2
26067067031,2
26067067001,2
26067067027,2
26067067012,2
26067067006,2
26067067020,2
26067067007,2
26067067016,2
26067067009,2
26067067005,2
26067067003,2
26067067017,2
26067067022,2
26067067010,2
26067067021,2
26067067029,2
26067067026,2
26067067024,2
26067067018,2
26067067008,2
26067067023,2
26067067002,2
26067067028,2
26067067014,2
26067067019,2
26067067015,2
26067067013,2
26105105005,2
26105105002,2
26105105019,2
26105105006,2
26105105022,2
26105105018,2
26105105017,2
26105105003,2
26105105012,2
26105105004,2
26105105011,2
26105105008,2
26105105016,2
26105105025,2
26105105007,2
26105105021,2
26105105023,2
26105105009,2
26105105024,2
26105105001,2
26105105013,2
26105105015,2
26105105020,2
26105105010,2
26105105014,2
26031031019,1
26031031017,1
26031031009,1
26031031015,1
26031031010,1
26031031003,1
26031031013,1
26031031016,1
26031031006,1
26031031007,1
26031031005,1
26031031018,1
26031031002,1
26031031001,1
26031031022,1
26031031011,1
26031031012,1
26031031008,1
26031031004,1
26031031014,1
26031031020,1
26031031021,1
26055055024,1
26055055030,1
26055055012,1
26055055003,1
26055055023,1
26055055011,1
26055055007,1
26055055016,1
26055055005,1
26055055026,1
26055055010,1
26055055025,1
26055055020,1
26055055017,1
26055055035,1
26055055036,1
26055055018,1
26055055004,1
26055055002,1
26055055029,1
26055055032,1
26055055027,1
26055055009,1
26055055034,1
26055055013,1
26055055019,1
26055055022,1
26055055033,1
26055055008,1
26055055014,1
26055055031,1
26055055001,1
26055055021,1
26055055015,1
26055055028,1
26055055006,1
26153153011,1
26153153005,1
26153153009,1
26153153007,1
26153153008,1
26153153006,1
26153153010,1
26153153002,1
26153153004,1
26153153003,1
26153153012,1
26139000004,4
26081081134,3
26081081080,3
26081081197,3
26081081103,3
26081081233,3
26081081129,3
26081081030,2
26081081062,3
26081081075,3
26081081023,3
26081081150,3
26081081016,3
26081081128,3
26081081117,3
26081081164,3
26081081172,3
26081081100,3
26081081065,3
26081081005,3
26081081036,3
26081081216,3
26081081031,2
26081081148,3
26081081110,3
26081081177,3
26081081241,3
26081081039,3
26081081088,3
26081081157,3
26081081035,3
26081081158,3
26081081083,3
26081081222,3
26081081160,3
26081081122,3
26081081198,3
26081081228,3
26081081068,3
26081081085,3
26081081201,3
26081081156,3
26081081008,3
26081081171,3
26081081136,3
26081081078,3
26081081003,3
26081081113,3
26081081143,3
26081081219,3
26081081061,3
26081081073,3
26081081034,2
26081081135,3
26081081077,3
26081081082,3
26081081001,3
26081081249,3
26081081176,3
26081081214,3
26081081137,3
26081081239,3
26081081224,3
26081081121,3
26081081247,3
26081081038,3
26081081002,3
26081081089,3
26081081220,3
26081081170,3
26081081059,3
26081081064,3
26081081223,3
26081081174,3
26081081183,2
26081081056,3
26081081096,3
26081081230,3
26081081195,3
26081081145,3
26081081232,3
26081081046,3
26081081146,3
26081081105,3
26081081066,3
26081081011,2
26081081114,3
26081081125,3
26081081225,3
26081081057,3
26081081234,3
26081081229,3
26081081142,3
26081081126,3
26081081166,3
26081081108,3
26081081180,3
26081081168,3
26081081081,3
26081081044,3
26081081043,3
26081081140,3
26081081246,3
26081081099,3
26081081027,3
26081081163,2
26081081154,3
26081081221,3
26081081112,3
26081081074,3
26081081084,3
26081081032,2
26081081107,3
26081081215,3
26081081155,3
26081081245,3
26081081095,3
26081081162,2
26081081199,3
26081081106,3
26081081188,2
26081081050,3
26081081098,3
26081081206,2
26081081236,3
26081081094,3
26081081189,2
26081081014,3
26081081231,3
26081081133,3
26081081072,3
26081081026,3
26081081196,3
26081081242,3
26081081119,3
26081081159,3
26081081051,2
26081081024,3
26081081045,3
26081081250,3
26081081161,3
26081081240,3
26081081090,3
26081081079,3
26081081033,2
26081081013,2
26081081015,3
26081081153,3
26081081093,3
26081081048,3
26081081194,3
26081081101,3
26081081138,3
26081081111,3
26081081087,3
26081081054,2
26081081071,3
26081081007,3
26081081060,3
26081081151,3
26081081192,3
26081081052,2
26081081019,3
26081081028,3
26081081006,3
26081081021,3
26081081086,3
26081081069,3
26081081120,3
26081081042,3
26081081252,3
26081081175,3
26081081029,2
26081081131,3
26081081251,3
26081081203,3
26081081097,3
26081081123,3
26081081243,3
26081081037,3
26081081141,3
26081081139,3
26081081167,3
26081081152,3
26081081025,3
26081081132,3
26081081144,3
26053053002,1
26053053005,1
26053053008,1
26053053007,1
26053053004,1
26053053009,1
26053053003,1
26053053010,1
26053053006,1
26053053011,1
26053053001,1
26091091001,5
26091091006,5
26091091028,5
26091091009,5
26091091021,5
26091091042,5
26091091020,5
26091091027,5
26091091005,5
26091091023,5
26091091013,5
26091091008,5
26091091019,5
26091091004,5
26091091003,5
26091091030,5
26091091037,5
26091091033,5
26091091018,5
26091091039,5
26091091010,5
26091091022,5
26091091029,5
26091091016,5
26091091012,5
26091091036,5
26091091034,5
26091091041,5
26011011004,1
26011011006,1
26011011011,1
26011011015,1
26011011005,1
26011011002,1
26011011007,1
26011011001,1
26011011009,1
26011011008,1
26011011017,1
26011011016,1
26011011003,1
26011011010,1
26011011012,1
26021021015,5
26021021029,5
26021021012,4
26021021006,4
26021021047,5
26021021048,5
26021021045,5
26021021026,4
26021021020,5
26021021058,5
26021021025,4
26021021004,4
26021021051,4
26021021036,5
26021021059,5
26021021037,5
26021021016,5
26021021013,5
26021021054,4
26021021017,5
26021021035,5
26021021049,5
26021021042,5
26021021005,4
26021021007,4
26021021008,4
26021021055,4
26021021027,5
26021021046,5
26021021019,5
26021021050,5
26021021014,5
26021021052,4
26021021022,4
26021021044,5
26021021034,5
26021021038,5
26021021021,4
26021021039,5
26021021057,4
26021021043,5
26021021024,5
26109109016,1
26109109017,1
26109109010,1
26109109009,1
26109109002,1
26109109018,1
26109109005,1
26109109001,1
26109109004,1
26109109003,1
26109109013,1
26109109012,1
26109109008,1
26109109020,1
26109109015,1
26109109006,1
26109109011,1
26109109014,1
26109109019,1
26109109007,1
26023023001,5
26023023012,5
26023023018,5
26023023004,5
26023023005,5
26023023021,5
26023023022,5
26023023014,5
26023023003,5
26023023020,5
26023023015,5
26023023006,5
26023023016,5
26023023008,5
26023023007,5
26023023017,5
26023023011,5
26023023010,5
26023023002,5
26023023009,5
26023023013,5
26023023019,5
26051051002,2
26051051017,2
26051051013,2
26051051015,2
26051051007,2
26051051010,2
26051051004,2
26051051006,2
26051051014,2
26051051001,2
26051051016,2
26051051018,2
26051051011,2
26051051008,2
26051051003,2
26051051005,2
26051051009,2
26051051012,2
26091091024,5
26091091026,5
26091091043,5
26091091011,5
26091091032,5
26091091007,5
26091091040,5
26091091035,5
26091091025,5
26091091014,5
26091091017,5
26091091015,5
26091091002,5
26091091031,5
26091091038,5
26097097002,1
26097097006,1
26097097014,1
26097097011,1
26097097007,1
26097097013,1
26097097010,1
26097097004,1
26097097009,1
26097097012,1
26097097005,1
26097097001,1
26097097003,1
26097097008,1
26021021031,5
26021021002,5
26021021060,4
26021021056,4
26021021011,4
26021021018,5
26021021032,5
26021021009,4
26021021041,5
26021021053,4
26021021010,4
26021021028,5
26021021030,5
26021021033,5
26001001009,1
26001001011,1
26001001008,1
26001001012,1
26001001005,1
26001001003,1
26001001001,1
26001001004,1
26001001007,1
26001001010,1
26001001006,1
26001001002,1
26063063019,9
26063063002,9
26063063010,9
26063063007,9
26063063004,9
26063063031,9
26063063003,9
26063063011,9
26063063025,9
26063063013,9
26063063021,9
26063063023,9
26063063009,9
26063063006,9
26063063014,9
26063063024,9
26063063030,9
26063063005,9
26063063026,9
26063063017,9
26063063012,9
26063063028,9
26063063020,9
26063063016,9
26063063001,9
26063063027,9
26063063008,9
26063063015,9
26063063018,9
26063063022,9
26063063029,9
26045045043,7
26045045019,7
26045045008,7
26045045020,7
26045045028,7
26045045023,7
26045045022,7
26045045041,7
26045045039,7
26045045044,7
26045045047,2
26045045034,7
26045045042,7
26045045026,7
26045045032,7
26045045010,7
26045045051,7
26045045012,7
26045045024,7
26045045035,7
26045045036,7
26045045021,7
26045045016,7
26045045018,7
26045045017,7
26045045013,7
26045045001,7
26045045038,2
26045045002,7
26045045049,7
26045045011,7
26045045050,7
26045045031,7
26045045040,7
26045045048,7
26045045005,7
26045045029,7
26045045004,7
26045045037,7
26045045025,7
26045045030,7
26045045007,7
26033033017,1
26033033008,1
26033033014,1
26033033013,1
26033033005,1
26033033006,1
26033033015,1
26033033002,1
26033033007,1
26033033019,1
26033033003,1
26033033018,1
26033033009,1
26033033016,1
26033033001,1
26033033011,1
26033033012,1
26033033010,1
26033033004,1
26045045027,7
26045045015,7
26045045046,2
26045045033,7
26045045014,7
26045045009,7
26045045045,7
26045045003,7
26045045006,7
26087087003,9
26087087021,9
26087087009,9
26087087036,9
26087087037,9
26087087004,9
26087087016,9
26087087030,9
26087087011,9
26087087020,9
26087087035,9
26087087031,9
26087000001,9
26093093021,7
26093093020,7
26093093052,7
26093093060,7
26093093035,7
26093093033,7
26093093023,7
26093093046,7
26093093025,7
26093093069,7
26093093031,7
26093093075,7
26093093062,7
26093093030,7
26093093038,7
26093093027,7
26093093039,7
26093093044,7
26093093054,7
26093093068,7
26093093048,7
26093093003,7
26093000002,7
26093093079,7
26093093034,7
26093093006,7
26093093019,7
26093093080,7
26093093002,7
26093093040,7
26093093073,7
26093093050,7
26093093074,7
26093093015,7
26093093014,7
26093093061,7
26093093012,7
26093093066,7
26093093081,7
26093093043,7
26093093045,7
26093093004,7
26093093001,7
26093093070,7
26093093017,7
26093093064,7
26093093077,7
26093093076,7
26093093065,7
26093093013,7
26093093032,7
26093093055,7
26093093005,7
26093093057,7
26093093053,7
26093093063,7
26093093009,7
26093093011,7
26093093067,7
26093093042,7
26093093026,7
26093093007,7
26093093018,7
26093093041,7
26093093049,7
26093093037,7
26093093071,7
26093093059,7
26093093051,7
26093093047,7
26093093022,7
26093093058,7
26093093072,7
26093093036,7
26093093024,7
26093093078,7
26093093008,7
26093093028,7
26093093056,7
26093093010,7
26093093016,7
26101101007,2
26101101006,2
26101101013,2
26101101004,2
26101101011,2
26101101008,2
26101101003,2
26101101014,2
26101101001,2
26123123002,2
26123123022,2
26123123004,2
26123123030,2
26123123020,2
26123123027,2
26123123003,2
26123123019,2
26123123008,2
26123123018,2
26123123001,2
26123123015,2
26123123029,2
26123123024,2
26123123010,2
26123123026,2
26123123025,2
26123123016,2
26123123011,2
26123123021,2
26123123028,2
26123123005,2
26123123012,2
26123123023,2
26123123009,2
26123123006,2
26123123014,2
26123123007,2
26123123017,2
26123123013,2
26127127012,2
26127127013,2
26127127010,2
26127127018,2
26127127008,2
26127127007,2
26127127009,2
26127127004,2
26127127001,2
26127127005,2
26127127015,2
26127127011,2
26127127006,2
26127127002,2
26127127003,2
26127127016,2
26127127017,2
26127127014,2
26137137005,1
26159159007,4
26159159012,4
26159159029,4
26159159020,4
26159159022,4
26159159013,4
26159159010,4
26159159024,4
26159159031,4
26159159016,4
26159159015,4
26159159011,4
26159159001,4
26159159023,4
26159159008,4
26159159006,4
26159159026,4
26159159018,4
26159159027,4
26159159005,4
26159159030,4
26159159032,4
26159159019,4
26159159002,4
26159159009,4
